{
    "model_name": "Bidirectional LSTM",
    "timestamp": "20260109_152437",
    "youden_method": {
        "negative": 0.5020623803138733,
        "neutral": 0.3263462781906128,
        "positive": 0.14376676082611084
    },
    "f1_method": {
        "negative": 0.42424242424242425,
        "neutral": 0.7171717171717172,
        "positive": 0.686868686868687
    },
    "default": {
        "negative": 0.5,
        "neutral": 0.5,
        "positive": 0.5
    },
    "recommendation": "Use F1 method for balanced classification, Youden for maximum separation"
}