Model,Accuracy,F1-Macro,Precision-Macro,Recall-Macro,Best CV Score
Bidirectional LSTM,0.8565891472868217,0.8584020252539286,0.8896775592773315,0.8456692723412469,0.8591731190681458
SVM,0.8411,0.8406,0.8554,0.8326,0.7267
Logistic Regression,0.8385,0.8376,0.8506,0.8303,0.7285
XGBoost,0.8269,0.8255,0.8418,0.8176,0.7347
Random Forest,0.7597,0.7563,0.7924,0.7456,0.6901
Naive Bayes,0.7003,0.698,0.7175,0.6894,0.6629
